{"best/epoch": 154, "best/precision": 0.8247313998994833, "best/recall": 0.09386984313396157, "best/mAP_0.5": 0.14042436847806475, "best/mAP_0.5:0.95": 0.05539393111637752, "Labels": {"_type": "images/separated", "width": 2000, "height": 2000, "format": "jpg", "count": 2, "filenames": ["media/images/Labels_0_d2ba51d5ce5331fa5cd4.jpg", "media/images/Labels_0_7da50ea6cb53207bf0d2.jpg"], "captions": ["labels_correlogram.jpg", "labels.jpg"]}, "train/box_loss": 0.07263093441724777, "train/obj_loss": 0.07655683159828186, "train/cls_loss": 0.06059931963682175, "metrics/precision": 0.8247313998994833, "metrics/recall": 0.09386984313396157, "metrics/mAP_0.5": 0.14042436847806475, "metrics/mAP_0.5:0.95": 0.05539393111637752, "val/box_loss": 0.0697081983089447, "val/obj_loss": 0.05265520513057709, "val/cls_loss": 0.053990546613931656, "x/lr0": 0.0049180000000000005, "x/lr1": 0.0049180000000000005, "x/lr2": 0.0049180000000000005, "_timestamp": 1669812912.2745652, "_runtime": 404.08879232406616, "_step": 154, "BoundingBoxDebugger": {"_type": "images/separated", "width": 672, "height": 448, "format": "png", "count": 16, "filenames": ["media/images/BoundingBoxDebugger_149_4e09ac10fdda77ed35db.png", "media/images/BoundingBoxDebugger_149_6a3a0266a35e3eb27dbe.png", "media/images/BoundingBoxDebugger_149_4d051fed113cb710ac8c.png", "media/images/BoundingBoxDebugger_149_aecae9934d73212f5bcc.png", "media/images/BoundingBoxDebugger_149_b4b5e8028d2925349d68.png", "media/images/BoundingBoxDebugger_149_493946b8ed206a1ee43b.png", "media/images/BoundingBoxDebugger_149_3036ab420cb18ebf1990.png", "media/images/BoundingBoxDebugger_149_72ef2d2ded43b3af3fba.png", "media/images/BoundingBoxDebugger_149_294a3d00181311be8052.png", "media/images/BoundingBoxDebugger_149_d96310fdfec7843e2aca.png", "media/images/BoundingBoxDebugger_149_74b57c02ce8028310143.png", "media/images/BoundingBoxDebugger_149_9651a621eea4d908cc57.png", "media/images/BoundingBoxDebugger_149_aad804fadca9f966ba91.png", "media/images/BoundingBoxDebugger_149_d6f2e49a97ff0d4aa316.png", "media/images/BoundingBoxDebugger_149_8e0d03fc5a22da5af75d.png", "media/images/BoundingBoxDebugger_149_27427aa62964c00a4a44.png"], "captions": ["000000000357.jpg", "000000000472.jpg", "000000000597.jpg", "000000000338.jpg", "000000000428.jpg", "000000000431.jpg", "000000000491.jpg", "000000000488.jpg", "000000000599.jpg", "000000000109.jpg", "000000000247.jpg", "000000000359.jpg", "000000000034.jpg", "000000000540.jpg", "000000000081.jpg", "000000000025.jpg"], "all_boxes": [{"predictions": {"_type": "boxes2D", "sha256": "37daf6516e17eaa9793f08b1dbca368b48f5797b0bb0f49174dbe829fba3b828", "size": 73037, "path": "media/metadata/boxes2D/BoundingBoxDebugger_149_37daf6516e17eaa9793f.boxes2D.json"}}, {"predictions": {"_type": "boxes2D", "sha256": "4e54652b0b6c3812acb5f1c7b30955b6920b56b9926325a20a864b4f97d7f377", "size": 62856, "path": "media/metadata/boxes2D/BoundingBoxDebugger_149_4e54652b0b6c3812acb5.boxes2D.json"}}, {"predictions": {"_type": "boxes2D", "sha256": "f0f3dda3a6a185325e781553689eb3cb6d7ef2f456e3fdab87466208f0f7a6ba", "size": 72942, "path": "media/metadata/boxes2D/BoundingBoxDebugger_149_f0f3dda3a6a185325e78.boxes2D.json"}}, {"predictions": {"_type": "boxes2D", "sha256": "ef6b1c857e3bd176b866d0aeefbd2fe2d61133ccf24e02ab7487bf6e40fbf949", "size": 72880, "path": "media/metadata/boxes2D/BoundingBoxDebugger_149_ef6b1c857e3bd176b866.boxes2D.json"}}, {"predictions": {"_type": "boxes2D", "sha256": "86867584c73bb0cd0b712c5cc1432c210cff773dba370fa773e44552a011afb6", "size": 73105, "path": "media/metadata/boxes2D/BoundingBoxDebugger_149_86867584c73bb0cd0b71.boxes2D.json"}}, {"predictions": {"_type": "boxes2D", "sha256": "5588164ea29564919a439db222bee3b7373af45c183d67f0d0e06c99a2d1decf", "size": 73583, "path": "media/metadata/boxes2D/BoundingBoxDebugger_149_5588164ea29564919a43.boxes2D.json"}}, {"predictions": {"_type": "boxes2D", "sha256": "6110967c3c70d58f687f917538826cb423702923086410807a7c59377d3a837e", "size": 73274, "path": "media/metadata/boxes2D/BoundingBoxDebugger_149_6110967c3c70d58f687f.boxes2D.json"}}, {"predictions": {"_type": "boxes2D", "sha256": "4fc9c6728ebbdf8fbe822f3e98befbf1d3b32e4f91d0094a37f4603a275a7a1e", "size": 73209, "path": "media/metadata/boxes2D/BoundingBoxDebugger_149_4fc9c6728ebbdf8fbe82.boxes2D.json"}}, {"predictions": {"_type": "boxes2D", "sha256": "9a86c3e42d84cbf9fa58d1bc8ee1390249b8f91550d1b2f1f395aaf66066eea6", "size": 73176, "path": "media/metadata/boxes2D/BoundingBoxDebugger_149_9a86c3e42d84cbf9fa58.boxes2D.json"}}, {"predictions": {"_type": "boxes2D", "sha256": "7b5d5588dd79fe32bc047546635eb217b2b4ac1e87fbc13b3ede83f8dff8d135", "size": 72876, "path": "media/metadata/boxes2D/BoundingBoxDebugger_149_7b5d5588dd79fe32bc04.boxes2D.json"}}, {"predictions": {"_type": "boxes2D", "sha256": "344d5bd139ea52cec4f93de10b3ea79d83f0b5ae536b429e15544ff031a35cb9", "size": 72511, "path": "media/metadata/boxes2D/BoundingBoxDebugger_149_344d5bd139ea52cec4f9.boxes2D.json"}}, {"predictions": {"_type": "boxes2D", "sha256": "b8f344ba10c86aadb2584b52f6471503730063142d18fa0807dea7961296b741", "size": 73320, "path": "media/metadata/boxes2D/BoundingBoxDebugger_149_b8f344ba10c86aadb258.boxes2D.json"}}, {"predictions": {"_type": "boxes2D", "sha256": "deee1bc080f2e8b5ee663fdfaac254292c32c7039c986f659e29c1e045bf0dc1", "size": 73462, "path": "media/metadata/boxes2D/BoundingBoxDebugger_149_deee1bc080f2e8b5ee66.boxes2D.json"}}, {"predictions": {"_type": "boxes2D", "sha256": "199597ecf6ea2e47dd138fa505f3ee1d138da29c17297ba15904973468a5058f", "size": 72811, "path": "media/metadata/boxes2D/BoundingBoxDebugger_149_199597ecf6ea2e47dd13.boxes2D.json"}}, {"predictions": {"_type": "boxes2D", "sha256": "f6d1b91aa8476a67d74e8e2c889ee23e3fd68851f149d3561791a1376eb414e2", "size": 60160, "path": "media/metadata/boxes2D/BoundingBoxDebugger_149_f6d1b91aa8476a67d74e.boxes2D.json"}}, {"predictions": {"_type": "boxes2D", "sha256": "fbef38e412c25d0cde4d0d48c7bd9205ba0010b2577af468559f76d398c1b171", "size": 73365, "path": "media/metadata/boxes2D/BoundingBoxDebugger_149_fbef38e412c25d0cde4d.boxes2D.json"}}]}, "_wandb": {"runtime": 394}}